hour_minute,count,mean,std,min,25%,50%,75%,max,IQR,lower_bound,upper_bound
1900-01-01 00:07:00,9.0,20.51111111111111,0.9841804260963085,18.9,20.2,20.7,20.7,22.5,0.5,19.45,21.45
1900-01-01 00:08:00,36.0,20.8,0.6329071247595719,19.6,20.475,20.799999999999997,21.4,21.9,0.9249999999999972,19.087500000000006,22.787499999999994
1900-01-01 00:17:00,9.0,19.599999999999998,0.9013878188659975,18.6,18.9,19.7,20.0,21.5,1.1000000000000014,17.249999999999996,21.650000000000002
1900-01-01 00:18:00,36.0,19.941666666666666,0.6239848899269453,18.6,19.6,20.0,20.25,21.2,0.6499999999999986,18.625000000000004,21.224999999999998
1900-01-01 00:27:00,9.0,18.81111111111111,0.6546839780467449,17.9,18.4,18.6,19.2,19.9,0.8000000000000007,17.199999999999996,20.4
1900-01-01 00:28:00,36.0,19.21388888888889,0.6132595711338727,18.1,18.9,19.299999999999997,19.7,20.5,0.8000000000000007,17.699999999999996,20.9
1900-01-01 00:37:00,9.0,18.177777777777777,0.7612124831112825,17.1,17.6,17.9,18.6,19.6,1.0,16.1,20.1
1900-01-01 00:38:00,36.0,18.466666666666672,0.6524678426668136,16.9,18.1,18.6,18.95,19.7,0.8499999999999979,16.825000000000003,20.224999999999994
1900-01-01 00:47:00,9.0,17.311111111111114,0.9360080721399312,15.8,16.9,17.6,17.6,18.7,0.7000000000000028,15.849999999999994,18.650000000000006
1900-01-01 00:48:00,36.0,17.74722222222222,0.6138804495577344,16.6,17.3,17.9,18.125,19.1,0.8249999999999993,16.0625,19.362499999999997
1900-01-01 00:57:00,9.0,16.8,0.75,15.8,16.1,16.6,17.3,18.1,1.1999999999999993,14.300000000000002,19.1
1900-01-01 00:58:00,36.0,17.15555555555555,0.5997353913873514,15.9,16.9,17.200000000000003,17.6,18.1,0.7000000000000028,15.849999999999994,18.650000000000006
1900-01-01 01:07:00,9.0,15.822222222222223,0.633990886720341,14.8,15.6,15.6,16.1,16.9,0.5000000000000018,14.849999999999998,16.850000000000005
1900-01-01 01:08:00,36.0,16.46944444444445,0.5013236447898669,15.6,16.1,16.4,16.9,17.4,0.7999999999999972,14.900000000000006,18.099999999999994
1900-01-01 01:17:00,9.0,15.244444444444444,0.9288583195395185,14.0,14.6,15.1,15.6,17.3,1.0,13.1,17.1
1900-01-01 01:18:00,36.0,15.630555555555553,0.5893431910401583,14.6,15.1,15.6,16.150000000000002,16.6,1.0500000000000025,13.524999999999995,17.725000000000005
1900-01-01 01:27:00,9.0,14.488888888888889,0.7201465900156101,13.5,13.8,14.6,14.8,15.8,1.0,12.3,16.3
1900-01-01 01:28:00,36.0,14.908333333333335,0.6682065548915248,13.6,14.6,15.05,15.3,16.1,0.7000000000000011,13.549999999999997,16.35
1900-01-01 01:37:00,9.0,13.788888888888888,0.8724168218868266,12.8,13.0,13.5,14.3,15.1,1.3000000000000007,11.049999999999999,16.25
1900-01-01 01:38:00,36.0,14.347222222222225,0.7311384903446759,12.8,13.8,14.3,15.0,15.8,1.1999999999999993,12.000000000000002,16.799999999999997
1900-01-01 01:47:00,9.0,13.066666666666666,0.7348469228349535,12.0,12.5,13.0,13.8,14.1,1.3000000000000007,10.549999999999999,15.750000000000002
1900-01-01 01:48:00,36.0,13.70277777777778,0.6938448204898807,12.3,13.225000000000001,13.7,14.15,15.1,0.9249999999999989,11.837500000000002,15.537499999999998
1900-01-01 01:57:00,9.0,12.455555555555556,0.7954733042521149,11.2,12.2,12.6,13.1,13.5,0.9000000000000004,10.849999999999998,14.45
1900-01-01 01:58:00,37.0,12.991891891891893,0.7800920096652338,11.5,12.5,13.0,13.3,15.0,0.8000000000000007,11.299999999999999,14.500000000000002
1900-01-01 02:07:00,9.0,12.022222222222222,0.8242842012585491,11.0,11.5,11.8,12.6,13.5,1.0999999999999996,9.850000000000001,14.25
1900-01-01 02:08:00,37.0,12.616216216216216,0.6162221431673237,11.7,12.2,12.8,13.0,14.0,0.8000000000000007,10.999999999999998,14.200000000000001
1900-01-01 02:17:00,9.0,11.600000000000001,0.842614977317636,10.2,11.2,12.0,12.2,12.3,1.0,9.7,13.7
1900-01-01 02:18:00,37.0,12.083783783783785,0.6534156043070536,10.8,11.5,12.0,12.6,13.0,1.0999999999999996,9.850000000000001,14.25
1900-01-01 02:27:00,9.0,11.18888888888889,0.7672099524322608,10.0,10.7,11.2,11.8,12.3,1.1000000000000014,9.049999999999997,13.450000000000003
1900-01-01 02:28:00,37.0,11.71891891891892,0.7302350602670646,10.2,11.2,11.7,12.2,13.0,1.0,9.7,13.7
1900-01-01 02:37:00,9.0,10.844444444444443,0.47199340861687683,10.2,10.5,10.7,11.0,11.8,0.5,9.75,11.75
1900-01-01 02:38:00,37.0,11.229729729729728,0.5476540193634345,10.2,10.8,11.2,11.5,12.8,0.6999999999999993,9.750000000000002,12.549999999999999
1900-01-01 02:47:00,9.0,10.355555555555556,0.5317685377847942,9.7,10.0,10.2,10.7,11.3,0.6999999999999993,8.950000000000001,11.749999999999998
1900-01-01 02:48:00,37.0,10.867567567567567,0.6749708035060373,9.9,10.2,11.0,11.3,12.6,1.1000000000000014,8.549999999999997,12.950000000000003
1900-01-01 02:57:00,9.0,10.155555555555555,0.7195677714974299,9.0,9.9,10.2,10.7,11.2,0.7999999999999989,8.700000000000003,11.899999999999999
1900-01-01 02:58:00,37.0,10.494594594594595,0.6132544994381053,9.4,10.0,10.5,10.8,12.3,0.8000000000000007,8.799999999999999,12.000000000000002
1900-01-01 03:07:00,9.0,10.011111111111113,0.5754225500544025,9.0,9.7,10.2,10.5,10.8,0.8000000000000007,8.499999999999998,11.700000000000001
1900-01-01 03:08:00,37.0,10.248648648648649,0.5630381976491576,9.2,10.0,10.2,10.7,11.5,0.6999999999999993,8.950000000000001,11.749999999999998
1900-01-01 03:17:00,9.0,9.777777777777779,0.7933753490274605,9.0,9.2,9.7,10.2,11.5,1.0,7.699999999999999,11.7
1900-01-01 03:18:00,37.0,9.989189189189188,0.523759796399384,9.0,9.5,10.0,10.3,11.2,0.8000000000000007,8.299999999999999,11.500000000000002
1900-01-01 03:27:00,9.0,9.344444444444445,0.6710274046399128,8.5,8.9,9.2,9.7,10.7,0.7999999999999989,7.700000000000002,10.899999999999999
1900-01-01 03:28:00,37.0,9.786486486486485,0.4888547626636965,9.0,9.5,9.7,10.0,11.0,0.5,8.75,10.75
1900-01-01 03:37:00,9.0,9.211111111111112,0.5510091751605514,8.5,9.0,9.2,9.5,10.0,0.5,8.25,10.25
1900-01-01 03:38:00,37.0,9.578378378378376,0.4905411609953141,9.0,9.2,9.5,9.9,10.7,0.7000000000000011,8.149999999999999,10.950000000000003
1900-01-01 03:47:00,9.0,9.21111111111111,0.63922696369217,8.5,8.9,9.0,9.5,10.5,0.5999999999999996,8.0,10.399999999999999
1900-01-01 03:48:00,37.0,9.383783783783782,0.43875677488502374,8.5,9.0,9.4,9.7,10.2,0.6999999999999993,7.950000000000001,10.749999999999998
1900-01-01 03:57:00,9.0,8.833333333333334,0.5099019513592786,8.2,8.7,8.7,9.2,9.7,0.5,7.949999999999999,9.95
1900-01-01 03:58:00,37.0,9.3027027027027,0.5433877715501798,8.0,8.9,9.4,9.7,10.5,0.7999999999999989,7.700000000000002,10.899999999999999
1900-01-01 04:07:00,9.0,8.600000000000001,0.6422616289332566,7.7,8.2,8.4,9.0,9.5,0.8000000000000007,6.999999999999998,10.200000000000001
1900-01-01 04:08:00,37.0,9.118918918918917,0.5301141584800588,7.9,8.7,9.2,9.5,10.2,0.8000000000000007,7.499999999999998,10.700000000000001
1900-01-01 04:17:00,9.0,8.966666666666667,0.7280109889280517,7.9,8.4,9.2,9.5,10.0,1.0999999999999996,6.750000000000001,11.149999999999999
1900-01-01 04:18:00,37.0,8.964864864864865,0.4535148020469406,7.7,8.7,9.0,9.4,9.7,0.7000000000000011,7.649999999999998,10.450000000000003
1900-01-01 04:27:00,8.0,8.775,0.9346504312155578,7.7,7.975,8.7,9.5,10.2,1.5250000000000004,5.687499999999999,11.787500000000001
1900-01-01 04:28:00,38.0,8.921052631578947,0.5051935110841549,7.7,8.5,8.95,9.2,10.2,0.6999999999999993,7.450000000000001,10.249999999999998
1900-01-01 04:37:00,8.0,8.5,0.8783100656536798,7.5,7.7,8.45,9.05,10.0,1.3500000000000005,5.674999999999999,11.075000000000001
1900-01-01 04:38:00,38.0,8.76842105263158,0.5008669581985603,7.9,8.4,8.7,9.0,10.3,0.5999999999999996,7.500000000000001,9.899999999999999
1900-01-01 04:47:00,8.0,8.1875,0.8642709561904096,6.9,7.7,8.05,8.7,9.7,0.9999999999999991,6.200000000000001,10.199999999999998
1900-01-01 04:48:00,38.0,8.723684210526315,0.5334407490217892,8.0,8.2,8.7,9.0,10.0,0.8000000000000007,6.999999999999998,10.200000000000001
1900-01-01 04:57:00,8.0,8.5,0.994269293788875,7.4,7.625,8.45,9.1,10.0,1.4749999999999996,5.4125000000000005,11.3125
1900-01-01 04:58:00,38.0,8.655263157894735,0.4648146206596211,7.7,8.4,8.5,9.0,9.5,0.5999999999999996,7.500000000000001,9.899999999999999
1900-01-01 05:07:00,8.0,8.75,0.8585702400752413,7.7,8.125,8.7,9.125,10.3,1.0,6.625,10.625
1900-01-01 05:08:00,38.0,8.686842105263157,0.5110514083367891,7.7,8.4,8.7,8.975,9.7,0.5749999999999993,7.537500000000001,9.837499999999999
1900-01-01 05:17:00,8.0,8.75,0.9273618495495703,7.9,7.9,8.45,9.55,10.0,1.6500000000000004,5.425,12.025000000000002
1900-01-01 05:18:00,38.0,8.76578947368421,0.5795041290291878,7.7,8.4,8.7,9.0,10.3,0.5999999999999996,7.500000000000001,9.899999999999999
1900-01-01 05:27:00,8.0,8.6,0.7406560798180408,7.7,7.9,8.7,9.2,9.5,1.299999999999999,5.950000000000002,11.149999999999999
1900-01-01 05:28:00,38.0,8.91315789473684,0.5662446480298732,7.9,8.425,8.95,9.35,10.2,0.9249999999999989,7.037500000000002,10.737499999999997
1900-01-01 05:37:00,8.0,9.175,1.1804962636838072,7.9,8.35,8.75,9.975,11.3,1.625,5.9125,12.4125
1900-01-01 05:38:00,38.0,9.168421052631578,0.4927064051815951,8.2,8.9,9.2,9.5,10.3,0.5999999999999996,8.0,10.399999999999999
1900-01-01 05:47:00,8.0,9.1375,0.9545941546018389,7.9,8.425,9.1,9.975,10.2,1.549999999999999,6.100000000000002,12.299999999999997
1900-01-01 05:48:00,38.0,9.392105263157895,0.6427901927249999,8.2,9.0,9.3,9.7,11.0,0.6999999999999993,7.950000000000001,10.749999999999998
1900-01-01 05:57:00,8.0,9.575,1.0660340385881546,8.2,8.625,9.7,10.55,10.7,1.9250000000000007,5.737499999999999,13.437500000000002
1900-01-01 05:58:00,38.0,9.892105263157895,0.674389244787507,9.0,9.5,9.7,10.2,11.5,0.6999999999999993,8.450000000000001,11.249999999999998
1900-01-01 06:07:00,8.0,10.212499999999999,1.3314197577881186,8.5,9.149999999999999,10.1,11.125,12.3,1.9750000000000014,6.1874999999999964,14.087500000000002
1900-01-01 06:08:00,38.0,10.589473684210526,0.821596821516856,8.7,10.05,10.5,11.149999999999999,12.2,1.0999999999999979,8.400000000000004,12.799999999999995
1900-01-01 06:17:00,8.0,10.9875,1.1921619017566367,9.2,9.975,11.25,11.9,12.3,1.9250000000000007,7.087499999999999,14.787500000000001
1900-01-01 06:18:00,38.0,11.286842105263158,0.9387084435345278,9.4,10.7,11.25,12.0,13.0,1.3000000000000007,8.749999999999998,13.950000000000001
1900-01-01 06:27:00,8.0,11.9,1.814229470444291,9.2,10.375,12.3,13.350000000000001,14.1,2.9750000000000014,5.912499999999998,17.812500000000004
1900-01-01 06:28:00,38.0,12.076315789473686,1.0411620873698713,9.5,11.5,12.15,12.95,13.5,1.4499999999999993,9.325000000000001,15.124999999999998
1900-01-01 06:37:00,8.0,13.100000000000001,1.8173764450044858,10.2,12.3,13.3,14.65,15.0,2.3499999999999996,8.775000000000002,18.175
1900-01-01 06:38:00,38.0,13.431578947368424,1.4532545513075674,10.0,13.075,13.8,14.3,15.9,1.2250000000000014,11.237499999999997,16.137500000000003
1900-01-01 06:47:00,8.0,14.3625,1.86848869410548,11.2,13.725000000000001,14.7,15.725,16.3,1.9999999999999982,10.725000000000005,18.724999999999998
1900-01-01 06:48:00,38.0,14.831578947368419,1.8328983491900819,10.7,14.6,15.4,16.1,17.1,1.5000000000000018,12.349999999999998,18.350000000000005
1900-01-01 06:57:00,8.0,16.3125,2.4613802747935676,12.5,15.575000000000001,17.1,17.875,18.6,2.299999999999999,12.125000000000004,21.325
1900-01-01 06:58:00,38.0,16.228947368421046,2.191002225902978,11.2,15.725,17.200000000000003,17.6,18.9,1.8750000000000018,12.912499999999998,20.412500000000005
1900-01-01 07:07:00,8.0,18.2125,2.5130729623880224,13.8,17.5,19.15,20.0,20.4,2.5,13.75,23.75
1900-01-01 07:08:00,38.0,17.926315789473687,2.7026197711316184,11.7,18.1,19.2,19.4,20.4,1.2999999999999972,16.150000000000006,21.349999999999994
1900-01-01 07:17:00,8.0,19.950000000000003,3.3299506645852017,14.1,18.85,21.45,22.275,22.5,3.424999999999997,13.712500000000006,27.412499999999994
1900-01-01 07:18:00,38.0,19.68421052631579,3.118517173254975,13.1,20.424999999999997,21.0,21.5,23.0,1.0750000000000028,18.812499999999993,23.112500000000004
1900-01-01 07:27:00,8.0,21.5,3.525012664617573,15.3,20.575,23.0,24.0,24.2,3.4250000000000007,15.437499999999998,29.137500000000003
1900-01-01 07:28:00,38.0,21.3421052631579,3.6267498351828156,13.1,22.0,22.9,23.7,24.2,1.6999999999999993,19.450000000000003,26.25
1900-01-01 07:37:00,8.0,23.225,3.945612391360452,16.3,22.2,25.0,25.85,26.3,3.650000000000002,16.724999999999994,31.325000000000003
1900-01-01 07:38:00,38.0,22.881578947368418,4.087082833537077,14.0,23.575,25.0,25.3,26.3,1.7250000000000014,20.987499999999997,27.887500000000003
1900-01-01 07:47:00,8.0,24.5625,3.9590538191412787,17.4,23.9,26.65,26.875,27.3,2.9750000000000014,19.437499999999996,31.337500000000002
1900-01-01 07:48:00,38.0,24.59473684210526,4.367010689397116,15.8,25.3,26.700000000000003,27.1,27.8,1.8000000000000007,22.6,29.800000000000004
1900-01-01 07:57:00,8.0,25.6875,3.5011987742975776,18.2,25.875,27.3,27.650000000000002,27.8,1.7750000000000021,23.2125,30.312500000000007
1900-01-01 07:58:00,38.0,25.847368421052632,4.410903985432641,16.4,27.075,27.9,28.6,29.4,1.5250000000000021,24.787499999999994,30.887500000000003
1900-01-01 08:07:00,8.0,28.4375,5.968713070192411,19.7,26.4,28.1,30.25,37.8,3.8500000000000014,20.624999999999996,36.025000000000006
1900-01-01 08:08:00,38.0,26.7578947368421,4.399915943849896,17.6,27.925,28.85,29.4,29.9,1.4749999999999979,25.712500000000006,31.612499999999997
1900-01-01 08:17:00,8.0,33.675,11.783978227115956,21.2,26.599999999999998,30.65,37.35,53.7,10.750000000000004,10.47499999999999,53.47500000000001
1900-01-01 08:18:00,38.0,30.000000000000007,7.7935177499585455,18.6,28.825,29.700000000000003,31.875,52.3,3.0500000000000007,24.25,36.45
1900-01-01 08:27:00,8.0,37.912499999999994,14.368361821327142,21.9,26.924999999999997,34.75,47.1,61.4,20.175000000000004,-3.3375000000000092,77.36250000000001
1900-01-01 08:28:00,38.0,34.24736842105263,10.5406224966723,19.7,29.175,32.2,41.975,65.0,12.8,9.974999999999998,61.175000000000004
1900-01-01 08:37:00,8.0,34.949999999999996,12.526315157641987,22.7,27.150000000000002,28.6,43.55,54.9,16.399999999999995,2.550000000000008,68.14999999999999
1900-01-01 08:38:00,38.0,31.510526315789463,9.428272303790546,20.4,28.9,29.6,33.800000000000004,69.5,4.900000000000006,21.54999999999999,41.15000000000001
1900-01-01 08:47:00,8.0,31.3375,8.585858389567948,23.5,27.075000000000003,28.25,32.85,45.0,5.774999999999999,18.412500000000005,41.5125
1900-01-01 08:48:00,38.0,29.100000000000005,5.59493013747654,21.2,27.8,29.4,29.875,49.7,2.0749999999999993,24.6875,32.9875
1900-01-01 08:57:00,8.0,27.2375,1.8243883515147912,24.3,26.675,27.6,28.125,29.6,1.4499999999999993,24.5,30.299999999999997
1900-01-01 08:58:00,38.0,27.489473684210523,2.4611345959310644,22.0,27.650000000000002,28.35,28.875,32.9,1.2249999999999979,25.812500000000007,30.7125
1900-01-01 09:07:00,8.0,26.837500000000002,1.4851046139197446,24.5,26.3,27.3,27.425,28.9,1.125,24.6125,29.1125
1900-01-01 09:08:00,38.0,26.971052631578942,1.6513561821721845,23.3,26.650000000000002,27.700000000000003,28.1,28.8,1.4499999999999993,24.475,30.275
1900-01-01 09:17:00,8.0,26.462500000000002,0.9226321043622968,25.1,25.8,26.4,27.150000000000002,27.8,1.3500000000000014,23.775,29.175000000000004
1900-01-01 09:18:00,38.0,26.03421052631579,0.974340058231925,24.2,25.150000000000002,26.200000000000003,26.95,27.9,1.7999999999999972,22.450000000000006,29.649999999999995
1900-01-01 09:27:00,8.0,25.575000000000003,1.1695542496426328,24.3,24.725,25.4,26.075,27.9,1.3499999999999979,22.700000000000003,28.099999999999994
1900-01-01 09:28:00,38.0,25.213157894736838,0.7056417637298497,23.7,24.8,25.200000000000003,25.525000000000002,26.8,0.7250000000000014,23.7125,26.612500000000004
1900-01-01 09:37:00,8.0,24.9875,1.2833410636749238,23.3,24.425,25.05,25.400000000000002,27.0,0.9750000000000014,22.9625,26.862500000000004
1900-01-01 09:38:00,38.0,24.99210526315789,0.7283381969667251,23.5,24.35,24.9,25.45,26.6,1.0999999999999979,22.700000000000003,27.099999999999994
1900-01-01 09:47:00,8.0,24.875,1.0951190411483653,23.7,24.075,24.75,25.325000000000003,26.8,1.2500000000000036,22.199999999999996,27.20000000000001
1900-01-01 09:48:00,38.0,25.031578947368416,0.9600408952882629,23.3,24.3,25.0,25.8,27.0,1.5,22.05,28.05
1900-01-01 09:57:00,8.0,24.3375,1.2304906106334754,23.0,23.3,24.0,25.2,26.3,1.8999999999999986,20.450000000000003,28.049999999999997
1900-01-01 09:58:00,38.0,24.88947368421053,1.2098222951224076,23.2,24.0,24.6,25.45,27.1,1.4499999999999993,21.825000000000003,27.625
1900-01-01 10:07:00,8.0,24.275,1.1196300409382687,23.0,23.65,23.85,24.8,26.5,1.1500000000000021,21.924999999999997,26.525000000000006
1900-01-01 10:08:00,38.0,24.7,1.285679965221895,23.2,23.725,24.25,25.625,27.5,1.8999999999999986,20.875000000000004,28.474999999999998
1900-01-01 10:17:00,8.0,24.150000000000002,1.9287301521985916,22.0,22.975,23.75,25.1,27.6,2.125,19.7875,28.2875
1900-01-01 10:18:00,38.0,24.421052631578945,1.4735795532843665,22.4,23.3,24.0,24.875,27.5,1.5749999999999993,20.9375,27.237499999999997
1900-01-01 10:27:00,8.0,24.150000000000002,1.6724661004465409,22.4,22.725,23.7,25.575,26.8,2.849999999999998,18.450000000000003,29.849999999999994
1900-01-01 10:28:00,38.0,24.34473684210526,1.5786921320495535,22.2,23.2,23.75,24.65,28.1,1.4499999999999993,21.025,26.824999999999996
1900-01-01 10:37:00,8.0,23.75,1.7920459177790546,21.9,22.65,22.85,24.925,27.1,2.275000000000002,19.237499999999997,28.337500000000006
1900-01-01 10:38:00,38.0,24.102631578947364,1.6897923816344635,22.0,23.0,23.5,24.95,27.5,1.9499999999999993,20.075000000000003,27.875
1900-01-01 10:47:00,8.0,23.425,1.6298553835934566,21.4,22.224999999999998,23.3,24.55,26.1,2.325000000000003,18.737499999999994,28.037500000000005
1900-01-01 10:48:00,38.0,23.75263157894737,1.7603342499105823,21.5,22.7,23.2,23.95,27.3,1.25,20.825,25.825
1900-01-01 10:57:00,8.0,23.475,1.6429503079173506,21.7,22.224999999999998,23.2,24.575,26.3,2.3500000000000014,18.699999999999996,28.1
1900-01-01 10:58:00,38.0,23.542105263157897,1.890750112685492,21.7,22.25,22.7,24.0,27.6,1.75,19.625,26.625
1900-01-01 11:07:00,8.0,23.15,1.6344505411386954,21.5,21.975,22.7,23.675,26.1,1.6999999999999993,19.425000000000004,26.225
1900-01-01 11:08:00,38.0,23.326315789473682,1.9095328720589462,21.0,22.0,22.85,23.65,27.1,1.6499999999999986,19.525000000000002,26.124999999999996
1900-01-01 11:17:00,8.0,22.575,1.6867127793433003,20.5,21.65,22.049999999999997,23.15,25.8,1.5,19.4,25.4
1900-01-01 11:18:00,38.0,23.094736842105263,2.06488627635559,20.9,21.75,22.5,23.15,27.6,1.3999999999999986,19.650000000000002,25.249999999999996
1900-01-01 11:27:00,8.0,22.1125,1.7731630333551238,20.2,21.0,21.35,22.975,25.5,1.9750000000000014,18.037499999999998,25.937500000000004
1900-01-01 11:28:00,38.0,22.77105263157895,2.174285579434964,20.4,21.25,21.9,23.1,27.5,1.8500000000000014,18.474999999999998,25.875000000000004
1900-01-01 11:37:00,8.0,22.2,1.9116186110952456,20.5,20.7,21.7,22.7,25.5,2.0,17.7,25.7
1900-01-01 11:38:00,38.0,22.344736842105267,2.1411915561732444,19.9,21.0,21.5,22.925,26.8,1.9250000000000007,18.112499999999997,25.8125
1900-01-01 11:47:00,8.0,21.8375,1.9145588824284607,19.7,20.65,21.299999999999997,22.4,25.0,1.75,18.025,25.025
1900-01-01 11:48:00,38.0,22.194736842105264,2.161324339808632,19.6,20.55,21.45,22.575,27.1,2.0249999999999986,17.512500000000003,25.612499999999997
1900-01-01 11:57:00,8.0,21.5875,1.663419455733967,20.0,20.349999999999998,21.2,22.049999999999997,24.3,1.6999999999999993,17.799999999999997,24.599999999999994
1900-01-01 11:58:00,38.0,22.310526315789474,2.0923011350733685,19.9,20.9,21.6,22.65,27.1,1.75,18.275,25.275
1900-01-01 12:07:00,8.0,21.2375,1.720413156358504,19.7,20.125,20.549999999999997,21.825,24.7,1.6999999999999993,17.575000000000003,24.375
1900-01-01 12:08:00,38.0,22.197368421052637,2.09909721162234,19.6,20.7,21.5,22.85,26.6,2.150000000000002,17.474999999999994,26.075000000000003
1900-01-01 12:17:00,8.0,21.362499999999997,1.6902556864907414,19.2,20.475,20.9,21.775,24.3,1.2999999999999972,18.525000000000006,23.724999999999994
1900-01-01 12:18:00,38.0,22.18421052631579,1.8606198205552256,19.9,20.924999999999997,21.5,22.925,26.6,2.0000000000000036,17.92499999999999,25.925000000000004
1900-01-01 12:27:00,8.0,21.2875,1.4903858560788887,19.4,20.5,20.9,22.025,23.8,1.5249999999999986,18.212500000000002,24.312499999999996
1900-01-01 12:28:00,38.0,22.181578947368422,1.6603248238299306,19.9,20.924999999999997,21.5,22.85,26.0,1.9250000000000043,18.03749999999999,25.737500000000008
1900-01-01 12:37:00,8.0,21.7,1.2059376908803017,20.2,21.075,21.299999999999997,22.3,23.7,1.2250000000000014,19.237499999999997,24.137500000000003
1900-01-01 12:38:00,38.0,22.128947368421056,1.5590898063235736,20.2,21.05,21.9,22.2,26.0,1.1499999999999986,19.325000000000003,23.924999999999997
1900-01-01 12:47:00,8.0,21.5125,1.2911097109518945,19.6,20.9,21.25,21.875,23.7,0.9750000000000014,19.437499999999996,23.337500000000002
1900-01-01 12:48:00,38.0,22.30526315789474,1.5601364057517284,20.5,21.05,22.0,22.7,26.1,1.6499999999999986,18.575000000000003,25.174999999999997
1900-01-01 12:57:00,8.0,21.549999999999997,1.1173949295443526,20.2,20.849999999999998,21.25,22.075,23.2,1.2250000000000014,19.012499999999996,23.9125
1900-01-01 12:58:00,38.0,22.33157894736842,1.627650480967415,20.2,21.2,21.7,23.7,26.1,2.5,17.45,27.45
1900-01-01 13:07:00,8.0,21.612499999999997,1.395336620932127,19.7,20.825,21.7,22.775,23.2,1.9499999999999993,17.9,25.699999999999996
1900-01-01 13:08:00,38.0,22.660526315789475,1.4223200448912943,20.4,21.55,22.45,23.75,25.8,2.1999999999999993,18.25,27.049999999999997
1900-01-01 13:17:00,8.0,22.3625,0.9605615916892428,21.0,21.425,22.85,23.05,23.3,1.625,18.9875,25.4875
1900-01-01 13:18:00,38.0,22.918421052631583,1.1349140372632815,21.2,22.0,22.6,23.725,25.8,1.7250000000000014,19.412499999999998,26.312500000000004
1900-01-01 13:27:00,8.0,22.212500000000002,0.9553421227123672,20.7,21.75,22.35,22.9,23.3,1.1499999999999986,20.025000000000002,24.624999999999996
1900-01-01 13:28:00,38.0,22.781578947368423,1.307329703272408,20.7,22.0,22.45,23.45,26.0,1.4499999999999993,19.825000000000003,25.625
1900-01-01 13:37:00,8.0,21.875,0.696419413859206,20.7,21.65,22.1,22.4,22.5,0.75,20.525,23.525
1900-01-01 13:38:00,38.0,22.923684210526318,1.2647901675187325,20.9,22.2,22.6,23.65,25.5,1.4499999999999993,20.025,25.824999999999996
1900-01-01 13:47:00,8.0,22.125,0.6943650748294137,21.2,21.65,22.1,22.55,23.2,0.9000000000000021,20.299999999999997,23.900000000000006
1900-01-01 13:48:00,38.0,23.139473684210532,1.059204054476045,21.5,22.5,22.9,23.7,25.5,1.1999999999999993,20.700000000000003,25.5
1900-01-01 13:57:00,8.0,22.15,0.8332380897952963,21.2,21.425,22.2,22.775,23.2,1.3499999999999979,19.400000000000006,24.799999999999997
1900-01-01 13:58:00,38.0,23.497368421052627,1.0766531831623667,21.4,22.7,23.2,24.0,26.0,1.3000000000000007,20.75,25.950000000000003
1900-01-01 14:07:00,8.0,21.9375,0.4596194077712563,21.2,21.7,21.95,22.05,22.8,0.3500000000000014,21.174999999999997,22.575000000000003
1900-01-01 14:08:00,38.0,23.292105263157897,0.8899989611130801,21.9,22.725,23.2,23.65,25.8,0.9249999999999972,21.337500000000006,25.037499999999994
1900-01-01 14:17:00,8.0,21.724999999999998,0.49497474683058335,20.9,21.575,21.7,22.05,22.4,0.4750000000000014,20.862499999999997,22.762500000000003
1900-01-01 14:18:00,38.0,22.842105263157894,0.9084086409157883,21.2,22.2,22.7,23.5,25.0,1.3000000000000007,20.25,25.450000000000003
1900-01-01 14:27:00,8.0,21.5125,0.9125122308377965,19.9,21.125,21.6,21.825,23.0,0.6999999999999993,20.075000000000003,22.875
1900-01-01 14:28:00,38.0,22.560526315789474,0.9785647166611764,20.9,21.7,22.6,23.0,25.6,1.3000000000000007,19.75,24.950000000000003
1900-01-01 14:37:00,8.0,21.425,0.818971480403491,20.5,20.849999999999998,21.2,21.9,22.7,1.0500000000000007,19.275,23.475
1900-01-01 14:38:00,38.0,22.389473684210525,1.0012936156263896,20.7,21.7,22.4,23.0,25.0,1.3000000000000007,19.75,24.950000000000003
1900-01-01 14:47:00,8.0,21.487499999999997,0.7548651724456683,20.2,20.975,21.6,21.974999999999998,22.5,0.9999999999999964,19.47500000000001,23.474999999999994
1900-01-01 14:48:00,38.0,21.834210526315786,1.0558143560687159,20.0,21.0,21.7,22.5,24.3,1.5,18.75,24.75
1900-01-01 14:57:00,8.0,20.95,0.8332380897952961,19.7,20.2,21.1,21.6,21.9,1.4000000000000021,18.099999999999994,23.700000000000003
1900-01-01 14:58:00,38.0,21.43947368421053,1.2454326229096788,19.7,20.4,21.2,22.425,24.2,2.025000000000002,17.362499999999997,25.462500000000006
1900-01-01 15:07:00,8.0,20.65,0.7151423434733616,19.2,20.4,20.799999999999997,20.924999999999997,21.7,0.5249999999999986,19.6125,21.712499999999995
1900-01-01 15:08:00,38.0,21.002631578947373,1.1955970671944316,19.2,20.05,20.9,21.5,23.7,1.4499999999999993,17.875,23.674999999999997
1900-01-01 15:17:00,8.0,19.7125,0.6243568119044014,18.7,19.175,19.95,20.2,20.4,1.0249999999999986,17.637500000000003,21.737499999999997
1900-01-01 15:18:00,38.0,20.492105263157896,1.2375611541422187,18.6,19.625,20.2,20.975,23.7,1.3500000000000014,17.599999999999998,23.000000000000004
1900-01-01 15:27:00,8.0,19.987499999999997,0.5986592162013846,19.1,19.55,20.049999999999997,20.4,20.9,0.8499999999999979,18.275000000000006,21.674999999999997
1900-01-01 15:28:00,38.0,20.431578947368422,1.2181299942075359,18.7,19.625,20.1,21.125,23.5,1.5,17.375,23.375
1900-01-01 15:37:00,8.0,19.6375,1.1134726887406934,18.4,18.849999999999998,19.65,19.9,22.0,1.0500000000000007,17.275,21.475
1900-01-01 15:38:00,38.0,20.12631578947369,1.2251164777555963,18.6,19.4,19.7,20.9,23.5,1.5,17.15,23.15
1900-01-01 15:47:00,8.0,19.1875,0.6556076788533124,18.2,18.825,19.299999999999997,19.4,20.4,0.5749999999999993,17.9625,20.262499999999996
1900-01-01 15:48:00,38.0,20.102631578947364,1.2939540996298096,18.4,19.4,19.799999999999997,20.475,23.7,1.0750000000000028,17.787499999999994,22.087500000000006
1900-01-01 15:57:00,8.0,18.9,0.5830951894845304,18.2,18.4,18.9,19.2,20.0,0.8000000000000007,17.199999999999996,20.4
1900-01-01 15:58:00,38.0,19.95789473684211,1.2898002315354296,17.6,19.1,19.7,20.4,23.5,1.2999999999999972,17.150000000000006,22.349999999999994
1900-01-01 16:07:00,8.0,18.7625,0.6823017765517788,17.9,18.325,18.6,19.25,19.9,0.9250000000000007,16.9375,20.637500000000003
1900-01-01 16:08:00,38.0,19.82894736842105,1.29821247058279,18.2,18.9,19.7,20.2,23.2,1.3000000000000007,16.949999999999996,22.15
1900-01-01 16:17:00,8.0,18.674999999999997,0.8795290947839242,17.4,18.125,18.5,19.45,19.9,1.3249999999999993,16.137500000000003,21.4375
1900-01-01 16:18:00,38.0,19.700000000000003,1.3474701019598452,17.6,18.9,19.4,19.849999999999998,23.5,0.9499999999999993,17.475,21.275
1900-01-01 16:27:00,8.0,18.674999999999997,0.7573449864965294,17.4,18.175,18.75,19.4,19.4,1.2249999999999979,16.337500000000006,21.237499999999997
1900-01-01 16:28:00,38.0,19.705263157894738,1.389914904729695,17.6,18.75,19.299999999999997,20.125,23.7,1.375,16.6875,22.1875
1900-01-01 16:37:00,8.0,19.125,0.8876131718587451,17.9,18.55,19.4,19.4,20.7,0.8499999999999979,17.275000000000006,20.674999999999997
1900-01-01 16:38:00,38.0,19.784210526315793,1.3643187223308262,17.9,18.9,19.4,20.125,23.5,1.2250000000000014,17.062499999999996,21.962500000000002
1900-01-01 16:47:00,8.0,19.1875,0.6556076788533126,17.9,19.0,19.299999999999997,19.525,19.9,0.5249999999999986,18.212500000000002,20.312499999999996
1900-01-01 16:48:00,38.0,19.884210526315794,1.3708404042558187,17.4,19.125,19.7,20.299999999999997,23.7,1.1749999999999972,17.362500000000004,22.062499999999993
1900-01-01 16:57:00,8.0,19.2125,0.6379375249303698,17.9,19.075,19.4,19.7,19.7,0.625,18.1375,20.6375
1900-01-01 16:58:00,38.0,20.15526315789474,1.4837311201778953,18.4,19.4,19.799999999999997,20.475,24.8,1.0750000000000028,17.787499999999994,22.087500000000006
1900-01-01 17:07:00,8.0,19.7375,0.7520210863305055,18.6,19.125,19.95,20.4,20.5,1.2749999999999986,17.212500000000002,22.312499999999996
1900-01-01 17:08:00,38.0,20.468421052631584,1.283598249676212,18.7,19.625,20.2,20.7,24.5,1.0749999999999993,18.012500000000003,22.3125
1900-01-01 17:17:00,8.0,19.5875,0.9417878135303532,18.6,18.6,19.7,20.25,20.9,1.6499999999999986,16.125000000000004,22.724999999999998
1900-01-01 17:18:00,38.0,20.605263157894736,1.3327369458051663,18.6,19.924999999999997,20.45,21.125,24.8,1.2000000000000028,18.124999999999993,22.925000000000004
1900-01-01 17:27:00,8.0,19.475,0.638636941350203,18.6,18.9,19.5,20.0,20.4,1.1000000000000014,17.249999999999996,21.650000000000002
1900-01-01 17:28:00,38.0,20.92105263157895,1.216809717682655,18.9,20.2,20.7,21.2,24.3,1.0,18.7,22.7
1900-01-01 17:37:00,8.0,20.2875,0.9934607620405981,18.9,19.575,20.35,20.974999999999998,21.7,1.3999999999999986,17.475,23.074999999999996
1900-01-01 17:38:00,38.0,21.31842105263158,1.1308583831709662,19.9,20.55,21.1,21.65,24.8,1.0999999999999979,18.900000000000006,23.299999999999997
1900-01-01 17:47:00,8.0,20.449999999999996,0.8750510189207743,19.1,19.9,20.299999999999997,21.25,21.5,1.3500000000000014,17.874999999999996,23.275000000000002
1900-01-01 17:48:00,38.0,21.663157894736845,1.206608168252124,19.9,20.9,21.5,22.0,25.1,1.1000000000000014,19.249999999999996,23.650000000000002
1900-01-01 17:57:00,8.0,20.674999999999997,0.9982126884730387,18.7,20.299999999999997,20.95,21.1,22.0,0.8000000000000043,19.09999999999999,22.300000000000008
1900-01-01 17:58:00,37.0,22.089189189189195,1.1241747056257623,20.7,21.4,22.0,22.5,25.8,1.1000000000000014,19.749999999999996,24.150000000000002
1900-01-01 18:07:00,8.0,21.325,1.1597413504743206,18.9,21.125,21.45,21.75,22.7,0.625,20.1875,22.6875
1900-01-01 18:08:00,37.0,22.68918918918919,1.1004503582583778,20.9,22.0,22.5,23.0,25.8,1.0,20.5,24.5
1900-01-01 18:17:00,8.0,21.35,0.8518886580500323,19.6,21.15,21.4,21.775,22.5,0.625,20.2125,22.7125
1900-01-01 18:18:00,37.0,22.93243243243243,1.0392449326458275,21.5,22.2,23.0,23.5,26.1,1.3000000000000007,20.25,25.450000000000003
1900-01-01 18:27:00,8.0,21.612499999999997,0.9264949309860564,19.9,21.15,21.7,22.175,22.7,1.0250000000000021,19.612499999999997,23.712500000000006
1900-01-01 18:28:00,37.0,23.075675675675676,1.0856143691746893,21.5,22.5,23.0,23.5,26.3,1.0,21.0,25.0
1900-01-01 18:37:00,8.0,22.15,1.10194633003868,19.9,21.85,22.45,22.625,23.5,0.7749999999999986,20.687500000000004,23.787499999999998
1900-01-01 18:38:00,37.0,23.427027027027027,1.061353603410038,21.7,22.7,23.3,23.7,26.3,1.0,21.2,25.2
1900-01-01 18:47:00,8.0,22.8375,1.204678380315676,20.4,22.525,23.1,23.4,24.2,0.875,21.2125,24.7125
1900-01-01 18:48:00,37.0,24.035135135135135,1.0734720966761748,22.0,23.5,24.0,24.5,26.6,1.0,22.0,26.0
1900-01-01 18:57:00,8.0,23.1625,1.1746580049407698,20.9,22.65,23.45,24.0,24.5,1.3500000000000014,20.624999999999996,26.025000000000002
1900-01-01 18:58:00,37.0,24.48108108108108,1.0849572029034753,22.4,23.7,24.5,25.1,26.6,1.4000000000000021,21.599999999999994,27.200000000000003
1900-01-01 19:07:00,8.0,23.9125,1.3378420790853567,21.0,23.65,24.1,24.8,25.1,1.1500000000000021,21.924999999999997,26.525000000000006
1900-01-01 19:08:00,37.0,25.054054054054053,1.0340305697701688,22.7,24.5,25.1,25.8,26.8,1.3000000000000007,22.549999999999997,27.75
1900-01-01 19:17:00,8.0,24.0875,1.4884675724669707,20.9,23.95,24.25,25.150000000000002,25.5,1.2000000000000028,22.149999999999995,26.950000000000006
1900-01-01 19:18:00,37.0,25.381081081081078,0.9985650365059519,22.5,24.8,25.5,25.8,27.6,1.0,23.3,27.3
1900-01-01 19:27:00,8.0,24.2875,1.3871218918527468,21.2,24.225,24.5,24.8,26.0,0.5749999999999993,23.362500000000004,25.6625
1900-01-01 19:28:00,37.0,25.678378378378383,0.9936283496847793,22.8,25.3,25.8,26.5,27.6,1.1999999999999993,23.5,28.299999999999997
1900-01-01 19:37:00,8.0,24.875,1.4479048903255256,21.5,24.7,25.35,25.650000000000002,26.0,0.9500000000000028,23.274999999999995,27.075000000000006
1900-01-01 19:38:00,37.0,25.95405405405405,1.100150139903791,23.0,25.5,26.1,26.6,27.8,1.1000000000000014,23.849999999999998,28.250000000000004
1900-01-01 19:47:00,8.0,25.15,1.3638181696985858,22.0,25.025000000000002,25.55,25.875,26.3,0.8499999999999979,23.750000000000007,27.15
1900-01-01 19:48:00,37.0,26.227027027027027,1.0029535960930178,23.5,25.6,26.3,26.8,27.9,1.1999999999999993,23.800000000000004,28.6
1900-01-01 19:57:00,8.0,25.425,1.233751537848224,22.8,25.225,25.55,26.0,26.8,0.7749999999999986,24.062500000000004,27.162499999999998
1900-01-01 19:58:00,37.0,26.589189189189188,0.9963220652267308,24.0,26.0,26.8,27.1,28.3,1.1000000000000014,24.349999999999998,28.750000000000004
1900-01-01 20:07:00,8.0,25.775,1.4380045698318011,22.5,25.6,26.05,26.525,27.3,0.9249999999999972,24.212500000000006,27.912499999999994
1900-01-01 20:08:00,37.0,26.997297297297294,1.035612134195275,23.8,26.8,27.3,27.6,28.6,0.8000000000000007,25.6,28.800000000000004
1900-01-01 20:17:00,8.0,26.025,1.6175378114370533,22.2,26.075000000000003,26.4,26.8,27.5,0.7249999999999979,24.987500000000004,27.887499999999996
1900-01-01 20:18:00,37.0,27.13243243243243,1.1257229909050683,23.5,26.8,27.3,27.9,28.8,1.0999999999999979,25.150000000000006,29.549999999999997
1900-01-01 20:27:00,8.0,26.25,1.4579829511054945,23.0,26.25,26.700000000000003,26.85,27.8,0.6000000000000014,25.349999999999998,27.750000000000004
1900-01-01 20:28:00,37.0,27.26756756756756,1.0022347402053446,24.5,26.6,27.6,27.8,28.8,1.1999999999999993,24.800000000000004,29.6
1900-01-01 20:37:00,8.0,26.575000000000003,1.3306818874976418,23.5,26.6,27.05,27.3,27.6,0.6999999999999993,25.550000000000004,28.35
1900-01-01 20:38:00,37.0,27.513513513513512,1.0390065132300825,25.1,27.1,27.8,28.3,28.9,1.1999999999999993,25.300000000000004,30.1
1900-01-01 20:47:00,8.0,26.875,1.4370107863199915,23.5,26.950000000000003,27.3,27.650000000000002,27.9,0.6999999999999993,25.900000000000006,28.700000000000003
1900-01-01 20:48:00,37.0,27.71351351351351,1.0157542797137291,25.0,27.5,27.8,28.3,29.4,0.8000000000000007,26.299999999999997,29.5
1900-01-01 20:57:00,8.0,26.837500000000002,1.5287132777974701,23.3,26.75,27.1,27.825,28.1,1.0749999999999993,25.137500000000003,29.4375
1900-01-01 20:58:00,37.0,27.87297297297297,1.1307933912495653,24.8,27.5,28.3,28.6,29.4,1.1000000000000014,25.849999999999998,30.250000000000004
1900-01-01 21:07:00,8.0,26.950000000000003,1.3522468075656269,23.7,27.1,27.200000000000003,27.650000000000002,27.9,0.5500000000000007,26.275,28.475
1900-01-01 21:08:00,37.0,28.105405405405403,1.1105418962395353,24.8,27.6,28.4,28.9,29.4,1.2999999999999972,25.650000000000006,30.849999999999994
1900-01-01 21:17:00,8.0,26.85,1.5165750888103096,23.5,26.525000000000002,27.25,27.675,28.4,1.1499999999999986,24.800000000000004,29.4
1900-01-01 21:18:00,37.0,28.259459459459457,1.7260197403691955,24.8,27.6,28.4,28.9,35.7,1.2999999999999972,25.650000000000006,30.849999999999994
1900-01-01 21:27:00,8.0,28.2625,4.396406812061739,23.5,26.5,27.450000000000003,27.95,38.5,1.4499999999999993,24.325000000000003,30.125
1900-01-01 21:28:00,37.0,29.945945945945947,9.061321788379031,24.5,27.9,28.6,29.1,82.1,1.2000000000000028,26.099999999999994,30.900000000000006
1900-01-01 21:37:00,8.0,27.137500000000003,1.5155739129828956,24.3,26.25,27.55,28.0,29.1,1.75,23.625,30.625
1900-01-01 21:38:00,37.0,30.840540540540538,11.858833075894186,25.0,27.3,28.6,29.1,96.2,1.8000000000000007,24.6,31.800000000000004
1900-01-01 21:47:00,8.0,26.875,1.3371077528969544,24.3,26.275,27.450000000000003,27.650000000000002,28.3,1.3750000000000036,24.21249999999999,29.712500000000006
1900-01-01 21:48:00,37.0,31.172972972972968,12.716691757263336,24.7,27.6,28.6,29.1,98.8,1.5,25.35,31.35
1900-01-01 21:57:00,8.0,26.8125,1.2540648194685036,25.1,25.900000000000002,27.05,27.425,28.8,1.5249999999999986,23.612500000000004,29.7125
1900-01-01 21:58:00,37.0,30.921621621621625,12.35448940298256,24.5,27.5,28.4,29.1,98.5,1.6000000000000014,25.099999999999998,31.500000000000004
1900-01-01 22:07:00,8.0,26.6625,1.356400172726113,24.2,25.825,27.25,27.650000000000002,27.9,1.8250000000000028,23.087499999999995,30.387500000000006
1900-01-01 22:08:00,37.0,29.69189189189189,7.387014822510376,25.0,27.5,28.3,28.9,69.0,1.3999999999999986,25.400000000000002,30.999999999999996
1900-01-01 22:17:00,8.0,26.637500000000003,1.0528023827589195,24.5,26.075000000000003,27.1,27.225,27.6,1.1499999999999986,24.350000000000005,28.95
1900-01-01 22:18:00,37.0,27.98378378378378,2.0199716050690624,24.8,27.3,28.1,28.3,37.8,1.0,25.8,29.8
1900-01-01 22:27:00,8.0,26.1625,1.0662852740773856,24.3,25.575000000000003,26.15,26.925,27.5,1.3499999999999979,23.550000000000004,28.949999999999996
1900-01-01 22:28:00,37.0,27.562162162162156,1.1785941133757982,24.2,27.1,27.8,28.3,29.4,1.1999999999999993,25.300000000000004,30.1
1900-01-01 22:37:00,8.0,25.8875,1.2426210777454016,23.7,25.225,26.0,26.7,27.3,1.4749999999999979,23.012500000000003,28.912499999999994
1900-01-01 22:38:00,37.0,27.17567567567567,1.1436795893094374,24.3,26.8,27.5,27.9,28.9,1.0999999999999979,25.150000000000006,29.549999999999997
1900-01-01 22:47:00,8.0,25.5875,1.2755251019538134,23.3,24.95,25.700000000000003,26.200000000000003,27.6,1.2500000000000036,23.074999999999996,28.07500000000001
1900-01-01 22:48:00,37.0,26.67297297297297,1.1710984038378123,23.7,26.3,27.0,27.3,28.4,1.0,24.8,28.8
1900-01-01 22:57:00,8.0,25.2875,1.2194114505425502,23.2,24.675,25.3,26.05,26.8,1.375,22.6125,28.1125
1900-01-01 22:58:00,37.0,26.167567567567566,1.215879666481582,23.0,25.6,26.5,27.0,28.3,1.3999999999999986,23.500000000000004,29.099999999999998
1900-01-01 23:07:00,8.0,24.6875,1.081582834817301,22.7,24.275,24.7,25.05,26.3,0.7750000000000021,23.112499999999997,26.212500000000006
1900-01-01 23:08:00,37.0,25.49189189189189,0.9793360501375918,23.0,25.1,25.5,26.0,27.3,0.8999999999999986,23.750000000000004,27.349999999999998
1900-01-01 23:17:00,8.0,24.0625,1.002764037192058,22.2,23.7,24.0,24.475,25.6,0.7750000000000021,22.537499999999994,25.637500000000003
1900-01-01 23:18:00,37.0,24.81351351351351,0.8822830744287369,22.7,24.5,24.8,25.5,26.6,1.0,23.0,27.0
1900-01-01 23:27:00,8.0,23.375,0.7887603293414658,21.9,23.15,23.35,23.675,24.5,0.5250000000000021,22.362499999999997,24.462500000000006
1900-01-01 23:28:00,37.0,24.00540540540541,0.8127272147070786,22.2,23.5,24.0,24.7,25.6,1.1999999999999993,21.700000000000003,26.5
1900-01-01 23:37:00,8.0,22.7125,0.8806450557890585,21.0,22.425,22.7,23.325,23.7,0.8999999999999986,21.075000000000003,24.674999999999997
1900-01-01 23:38:00,38.0,23.263157894736842,0.723512846644974,20.9,22.85,23.2,23.7,24.5,0.8499999999999979,21.575000000000003,24.974999999999994
1900-01-01 23:41:00,1.0,23.7,,23.7,23.7,23.7,23.7,23.7,0.0,23.7,23.7
1900-01-01 23:44:00,1.0,23.3,,23.3,23.3,23.3,23.3,23.3,0.0,23.3,23.3
1900-01-01 23:47:00,9.0,22.299999999999997,0.8860022573334675,20.7,22.0,22.2,22.7,23.7,0.6999999999999993,20.950000000000003,23.75
1900-01-01 23:48:00,36.0,22.59444444444445,0.5736820644844244,21.4,22.2,22.5,23.0,24.0,0.8000000000000007,21.0,24.200000000000003
1900-01-01 23:50:00,1.0,23.8,,23.8,23.8,23.8,23.8,23.8,0.0,23.8,23.8
1900-01-01 23:53:00,2.0,23.6,0.141421356237309,23.5,23.55,23.6,23.65,23.7,0.09999999999999787,23.400000000000006,23.799999999999997
1900-01-01 23:54:00,1.0,23.5,,23.5,23.5,23.5,23.5,23.5,0.0,23.5,23.5
1900-01-01 23:55:00,1.0,23.7,,23.7,23.7,23.7,23.7,23.7,0.0,23.7,23.7
1900-01-01 23:56:00,1.0,23.2,,23.2,23.2,23.2,23.2,23.2,0.0,23.2,23.2
1900-01-01 23:57:00,9.0,21.577777777777776,0.9692494232365808,20.5,20.7,21.4,22.2,23.0,1.5,18.45,24.45
1900-01-01 23:58:00,37.0,21.762162162162163,0.6439251817095212,20.4,21.4,22.0,22.2,23.5,0.8000000000000007,20.199999999999996,23.4
1900-01-01 23:59:00,1.0,23.2,,23.2,23.2,23.2,23.2,23.2,0.0,23.2,23.2
